{"Lebensmittel": [-1.125, -1.890625, 2.65625, -3.078125, 4.9375, 6.6875, -0.45703125, -0.50390625, 5.25, 6.90625, -2.171875, -2.640625, -1.4765625, -3.296875, -1.1328125, -0.1875, -1.8203125, -7.84375, -3.078125, 2.1875, -1.1796875, -1.96875, 2.71875, -0.21972656, 3.265625, -4.28125, 1.234375, -2.59375, -1.3984375, 3.09375, -4.15625, 2.296875, 1.5703125, 1.734375, 2.375, 0.32421875, 0.31054688, -1.859375, 2.421875, 3.15625, 0.36328125, 1.046875, -3.8125, -1.40625, 0.27148438, 3.140625, 1.28125, 1.703125, 5.0625, 3.984375, -3.40625, 0.33984375, 3.875, 4.625, -3.859375, 1.8046875, 7.5625, -1.78125, -0.9140625, -2.515625, 0.84765625, 3.625, -3.671875, -3.875, -0.66015625, -3.921875, -0.53515625, -0.65625, 0.8828125, -1.7890625, -1.578125, -2.296875, 3.203125, 1.6015625, 3.140625, -3.453125, 1.9765625, -3.125, 3.203125, -1.0234375, -7.21875, -0.46484375, 1.3671875, -5.8125, -0.12451172, 2.875, -6.96875, 6.78125, -3.640625, 1.453125, -2.96875, 6.46875, -1.078125, 2.46875, 1.9609375, 1.1328125, -6.40625, 3.46875, -1.421875, 4.21875, -0.0625, 4.0625, -0.9375, -1.265625, 2.375, -1.546875, -1.8359375, -0.71484375, -2.03125, -1.1953125, -0.33203125, 3.875, -0.49609375, -0.68359375, 0.099609375, -0.09814453, 3.625, 0.42773438, 1.140625, 0.19238281, 1.1953125, 2.34375, -2.078125, 2.640625, -0.3125, 0.62890625, -0.099121094, 5.21875], "Drogerie": [1.5390625, 0.14746094, 0.7265625, -2.046875, 2.703125, 2.046875, 1.765625, -4.65625, 1.578125, 0.4765625, 2.078125, -1.609375, -0.98828125, -3.109375, -1.1875, 3.53125, 4.71875, 0.12792969, -2.609375, 1.265625, 4.5, -3.984375, 3.59375, 4.28125, 3.671875, -4.28125, -0.28320312, -1.9375, -2.953125, 3.5, -5.65625, -0.97265625, -0.69921875, 0.84765625, 6.84375, 2.703125, 5.625, 2.421875, -0.119140625, 4.125, -3.125, 0.033447266, -4.625, -5.59375, -1.8203125, 2.40625, 9.625, 0.97265625, 8.375, 1.6328125, -2.703125, 0.984375, -0.6328125, 0.671875, 0.043701172, -0.39257812, 3.25, 5.59375, -0.51171875, -0.9609375, 0.58203125, 0.734375, -1.21875, 2.65625, 3.4375, 0.890625, -3.453125, -1.9921875, 1.0390625, 0.2734375, -1.9375, -1.96875, 4.375, -1.640625, 1.15625, -4.5, 2.09375, -2.28125, -3.328125, -0.29101562, -4.6875, 2.078125, -4.28125, -0.048095703, -2.09375, 2.40625, -2.328125, 7.0, -0.33203125, 5.21875, 0.32421875, 4.40625, -8.8125, 0.65625, 4.4375, 0.86328125, -2.953125, 5.65625, -1.7578125, 5.75, -0.078125, 3.515625, -3.921875, -2.703125, 0.6484375, -1.09375, -0.83203125, 1.015625, 1.1484375, -1.9453125, 0.82421875, 0.5078125, -2.875, -2.671875, -2.453125, 3.375, 2.125, -0.39257812, 1.09375, -1.234375, 4.21875, -3.03125, 1.7265625, -1.9453125, -1.875, -0.16113281, 0.9140625, -1.734375], "Baumarkt": [2.015625, 0.7734375, 1.140625, -3.296875, 6.375, 1.4609375, -0.063964844, -0.27148438, 1.078125, 1.21875, 2.46875, -0.76171875, 1.7890625, 1.0546875, 2.015625, -2.5, 1.390625, -0.10644531, 4.78125, 1.7890625, 4.15625, -5.71875, 2.65625, 5.28125, -1.484375, -3.859375, 1.0859375, -2.734375, -1.0390625, 3.484375, -3.6875, -1.2578125, 4.75, -0.59765625, 5.84375, 0.46484375, 5.28125, -0.64453125, -2.78125, 8.125, -5.8125, 0.53515625, -4.125, -8.625, 2.078125, 8.625, 2.796875, 2.6875, 10.125, -0.083984375, 0.118652344, -2.65625, 1.5, 2.125, -5.59375, 1.203125, 3.640625, 5.1875, 0.640625, 3.703125, 1.140625, 4.40625, -2.15625, -0.50390625, 4.0625, 2.3125, -5.15625, -0.8046875, -0.5859375, 5.125, -0.80859375, -1.5703125, -1.515625, -0.484375, 1.109375, -4.0625, -1.4765625, -1.8671875, -1.3671875, 1.359375, -6.65625, 3.40625, -1.1015625, -1.71875, -1.2578125, 3.25, -1.5234375, 1.265625, 0.013366699, 4.375, 1.0390625, 4.15625, -4.90625, 0.087890625, 4.5, -1.796875, -1.4921875, 4.46875, 2.5625, 5.0, 0.76171875, 3.4375, -3.625, -3.359375, -2.21875, -1.3125, -1.4609375, 0.47460938, -3.34375, -0.07373047, -1.796875, 2.921875, -4.09375, 0.76171875, -2.9375, 1.3203125, 2.03125, -1.0546875, 4.3125, -2.25, -0.27734375, -6.8125, 0.62890625, 0.9296875, 3.0, -3.671875, 3.5625, 1.671875]}